{"raw_fit_mean": 85.24997603592685, "raw_fit_std": 253.07827287467455, "_runtime": 21, "_timestamp": 1668817956, "_step": 0}